id,name,category,brand,img-url,price,net-weight,can-weight,count
e591c30e-86d8-4663-85aa-2817d3140c7f,Berry THC 60mL Beverage Shot,BEVERAGES,Favour by Token,https://res.cloudinary.com/get-greenline/image/upload/v1657040033/vd6o0ewyurjj7oy6s9tb.jpg,$6.25 ,60,0.85,2
b76db8d1-a746-40fb-910e-3b0f9897efa5,Black Cherry 355mL Sparkling Beverage,BEVERAGES,Versus,https://res.cloudinary.com/get-greenline/image/upload/v1634840262/haoyw7n3gkbboak4nhpo.jpg,$6.25 ,355,0.6,7
c8983e49-4dd6-450d-8ce4-d1a1bad00ea1,Blood Orange HYTN 355mL Sparkling Beverage,BEVERAGES,HYTN,,$6.00 ,355,0.62,6
96051667-c152-4f21-9f2b-dda7f0d9b720,Cherry Cola Sweet Justice 355mL Beverage,BEVERAGES,Sweet Justice,https://res.cloudinary.com/get-greenline/image/upload/v1649191082/bb5yr8u8texewx3lcs9n.jpg,$8.75 ,355,0.62,2
ec3c3a76-df99-48b1-b5b2-2d474222d83b,Ginger Ale Galaxy 222mL Sparkling Beverage,BEVERAGES,Deep Space,https://res.cloudinary.com/get-greenline/image/upload/v1657040038/flezdrwfi3pejir2augi.jpg,$6.00 ,222,0.39,12
2022733f-3dd0-472f-a51c-35665525b93c,Island Punch 1:1 355 mL Soda,BEVERAGES,Vacay,https://res.cloudinary.com/get-greenline/image/upload/v1689791625/bfuy1pdmyhwhdhpplf2h.jpg,$6.50 ,355,0.7,4
58fb6a46-8e15-4c15-8a6c-5be5551fd03c,Orange Orbit 222mL Soda,BEVERAGES,Deep Space,https://res.cloudinary.com/get-greenline/image/upload/v1649191129/kqxnpaozipjizygcmovl.jpg,$6.50 ,222,0.39,2
8fa31317-56c0-4f98-8589-965c2b56b632,Passion Fruit Guava CBD 355mL Sparkling Beverage,BEVERAGES,Ace Valley,https://res.cloudinary.com/get-greenline/image/upload/v1686851009/rmt7mcv4zc1avj5cdl0m.jpg,$6.50 ,355,0.6,11
c3f90a37-5fa3-42d7-8569-81b5b761ce76,Propulsion Pulsar Peach (THC+CBG+Caffeine) 355mL Sparkling Beverage,BEVERAGES,Deep Space,https://res.cloudinary.com/get-greenline/image/upload/v1677258860/gbivaivbf3m2h5nbmfu9.jpg,$8.50 ,355,0.62,12
69f0b878-394f-4154-aaa8-6a7080b01984,Raspberry Iced Tea 355mL Beverage,BEVERAGES,Tweed,https://res.cloudinary.com/get-greenline/image/upload/v1623781034/x31cgkx6p2oj0vbeftot.jpg,$6.00 ,355,0.62,4
f56f4fbc-4b87-4fa1-971a-e96c1cb57785,Root Beer XMG 355mL Soda,BEVERAGES,XMG,https://res.cloudinary.com/get-greenline/image/upload/v1664456480/n9ryutbqewynlfnuvdbx.jpg,$6.75 ,355,0.62,6
faeca9c6-63da-4ff6-95e0-ea366d190eb5,XMG Cream Soda 355mL Soda,BEVERAGES,XMG,https://res.cloudinary.com/get-greenline/image/upload/v1673369951/gbzeyoytu54syokcyjdc.jpg,$7.50 ,355,0.62,9
7ae57c90-8aa2-49c1-a474-66e8bc9b66cb,Argyle 10 mg x 15 Caps,CAPSULES/ SOFTGELS,Tweed,,$32.00 ,2.25,9,22
f2559a1b-2943-47eb-b342-7f68640d9106,CBD 50 Softgel x 15 Capsules Stigma,CAPSULES/ SOFTGELS,Stigma Grow,,$16.25 ,0.75,3,2
480b29b0-6e3b-43aa-be19-9379663469e2,Ovis Softgels THC 10mg  x 15 Softgels,CAPSULES/ SOFTGELS,Ovis,,$13.75 ,6.2,1.5,11
1c654576-6baa-4606-84c7-2b61ba5c6a55,Ovis Softgels THC:CBD Balanced 10:10  x 15 Softgels,CAPSULES/ SOFTGELS,Ovis,https://res.cloudinary.com/get-greenline/image/upload/v1686850989/i8jgenuvk5sewo1k3szf.jpg,$13.75 ,6.2,0.6,11
a3f1d85f-5b52-4879-84b8-73ee58abdce1,Black Afghan 2g Hash,CONCENTRATES,3Saints,https://res.cloudinary.com/get-greenline/image/upload/v1686850984/b5hqef0zrsss7syydmyz.jpg,$26.50 ,2,8,1
e81ff2fd-e7e7-47e4-aec1-978aa4967651,Blueberry 1g Shatter,CONCENTRATES,DAB BODS,https://res.cloudinary.com/get-greenline/image/upload/v1631538206/achze7ckvoigvefqwttv.jpg,$32.50 ,1,4,3
7cfaec2a-5a41-459b-b93b-6d5e889f38e3,Blueberry 2g Moon Rocks,CONCENTRATES,DAB BODS,,$46.75 ,2,8,7
a616d66f-a9e7-4bc4-9cf6-adac41deb1ce,Cherry Kush 1.2g Dab Syringe,CONCENTRATES,BOXHOT,https://res.cloudinary.com/get-greenline/image/upload/v1680787813/ehy1xh7arzkro5rnjxjq.jpg,$38.25 ,1.2,4.8,6
ee6355c7-3cb5-4bd2-86c7-d60781d533fa,Diamond Dust 1g THCA Isolate,CONCENTRATES,BOLD,https://res.cloudinary.com/get-greenline/image/upload/v1650346946/kviaimaax7dfxd4iknlj.jpg,$37.00 ,1,4,4
46aa3fc3-4fb7-44a9-a0ef-5eadae5d1c91,Hawaiian Sativa 1g Shatter,CONCENTRATES,DAB BODS,,$31.00 ,1,4,10
c78d1eea-6623-4057-b072-5b4952141191,Pink Princess Kush 1g Shatter,CONCENTRATES,Roilty,,$32.50 ,1,4,6
5d682787-bacf-4e3c-b581-0174d37a186f,Sapphire 2 g Kief,CONCENTRATES,Delta 9,https://res.cloudinary.com/get-greenline/image/upload/v1649191108/f5jsrl9mf9nm8i7i2hhp.jpg,$16.50 ,2,8,4
7f2667d1-7fe1-42b1-b11f-b4e4230e16db,Strawberry Alien OG 1g Shatter,CONCENTRATES,RAD,https://res.cloudinary.com/get-greenline/image/upload/v1657040027/tlrqesdjiqvsixqbhsv4.jpg,$32.75 ,1,4,9
916a8674-fc26-40a6-8fe5-fd2f75756ade,Tropic Thunder 10 x 0.2g Hash Rip-Strips,CONCENTRATES,SHRED X,,$27.00 ,2,8,6
4a0e7d01-3c81-462c-9803-29c8cb24beda,Chocolate Caramel Squares,EDIBLES -Chocolate,Vacay,https://res.cloudinary.com/get-greenline/image/upload/v1664456480/dxfvnhtsz6yflya6sok7.jpg,$6.75 ,10,0.67,3
b9cd68c4-47e1-4e19-99c4-6a292cd1761c,Legend THC 1 x 10g Dark Chocolate,EDIBLES -Chocolate,Legend,,$3.75 ,10,0.66,4
52e6cf2c-eb7a-4a90-996b-20b3041a4830,Legend THC 1 x 10g Milk Chocolate,EDIBLES -Chocolate,Legend,https://res.cloudinary.com/get-greenline/image/upload/v1648605286/bcblvmaj6faucyhdvsvi.jpg,$3.75 ,10,0.66,8
e11d3c9c-1f9c-42f8-8bf4-2fc6a97a04e5,Milk Chocolate Salted Caramels,EDIBLES -Chocolate,Bernard's Cannabis Creations,https://res.cloudinary.com/get-greenline/image/upload/v1684354898/fiufnwzd8uz2x40snjpf.jpg,$6.80 ,32,2.13,10
fcd700b4-16b5-4c70-a199-9973b4d499b7,Peanut Butter THC 1 x 7g Chocolate,EDIBLES -Chocolate,CANNA SQUARZ,https://res.cloudinary.com/get-greenline/image/upload/v1678489464/pya68kkibhjjcescc9it.jpg,$4.00 ,7,0.47,12
77418e89-3987-4856-bc8b-60df6cbf9f8c,Salted Caramel Chocolate Foray,EDIBLES -Chocolate,Foray,https://res.cloudinary.com/get-greenline/image/upload/v1623781952/pueeszzlytsniva8qppz.jpg,$4.95 ,10,0.66,8
0ba24682-cb0b-4b3d-9707-97656750e985,Cherry 15g Palm Pops,"EDIBLES -Cookies, Hard Candy, Other",Palm Gardens Cannabis Company,,$3.75 ,15,1,4
7362bd9e-f9ac-49e7-9afe-aa8ba2138959,Cloud Buster Kin Slips - Cloud Buster THC 10 mg x10 Sublingual Strips,"EDIBLES -Cookies, Hard Candy, Other",Kin Slips by Symbl,https://res.cloudinary.com/get-greenline/image/upload/v1623784352/pldqhkcurdjodaolukbb.jpg,$25.00 ,0.72,2.88,10
699a48f4-5195-4e27-bf0d-1c43b6088903,Double Stuffed Strawberry Chocolate Cookie,"EDIBLES -Cookies, Hard Candy, Other",Indiva Life,,$3.75 ,17,1.13,14
bad1e797-9bd7-40d9-8fac-e348d027174e,Double Stuffed Vanilla Chocolate Cookie,"EDIBLES -Cookies, Hard Candy, Other",Indiva Life,https://res.cloudinary.com/get-greenline/image/upload/v1692322418/gks0ewyoqqw7aie4ruha.jpg,$3.75 ,20,1.33,15
ae3290cb-c6de-45b5-a2c8-101d4a2fc67a,FastMelt CBD 10 x 0.48g Mints,"EDIBLES -Cookies, Hard Candy, Other",Ovis,,$19.75 ,4,2.12,9
5609aedc-294b-4f8f-9c17-f2e326979286,Float On THC 10 mg x10 Kin Strips,"EDIBLES -Cookies, Hard Candy, Other",Kin Slips by Symbl,https://res.cloudinary.com/get-greenline/image/upload/v1623784353/ggu1ecyr7xdoprmruzl7.jpg,$25.00 ,0.72,2.88,5
81b8a2cd-252c-4c8d-8cb8-0e55167b7b9d,Shut Eye Plus Kin Slips Sublingual Strip,"EDIBLES -Cookies, Hard Candy, Other",Kin Slips,https://res.cloudinary.com/get-greenline/image/upload/v1664456468/psujianhtqoggk4y87ee.jpg,$25.00 ,0.72,2.88,5
52d403b0-62d8-4cd2-9aa3-10a3a4a1d472,Berry Good Day JAR Assorted CBD 30 x 4.5g Soft Chews,EDIBLES- Soft Chews,Monjour,https://res.cloudinary.com/get-greenline/image/upload/v1648604027/skuhihi3hbfthl7zzcmv.jpg,$28.00 ,135,9,9
ff66ebdf-fce2-4ac4-b50c-a1fe00b4b2e2,Blue Razzleberry Pearls 3:1 CBG:THC 5 x 3.5g Soft Chews,EDIBLES- Soft Chews,Pearls by gron,https://res.cloudinary.com/get-greenline/image/upload/v1657040008/fyf6qkqmi9oy37r924ly.jpg,$5.00 ,17.5,1.17,3
067f2ac4-d764-48fc-9143-fc1a6c9ba4d0,Blue Sativa THC 1 x 10g Soft Chew,EDIBLES- Soft Chews,No Future,https://res.cloudinary.com/get-greenline/image/upload/v1696962963/ef0xmycgcnnmupzs4hum.jpg,$4.49 ,10,0.67,22
6bcf5413-5f2f-40f5-b619-ff470dae87dd,Blueberry Wana Sour 2 x 4.5g Soft Chews,EDIBLES- Soft Chews,Wana,https://res.cloudinary.com/get-greenline/image/upload/v1623784397/okqjv3v0k4amzmqphinl.jpg,$6.75 ,9,0.6,12
10f58030-a871-477f-bca4-55fd55151787,Citrus Burst Wana 5:1 CBD/THC Sativa  2 x 4.5g Soft Chews,EDIBLES- Soft Chews,Wana,https://res.cloudinary.com/get-greenline/image/upload/v1685546727/nlegok4v7z9bpbqhgbkw.jpg,$6.75 ,9,0.6,11
bb2c7b51-d170-4840-b804-74d304097417,Elderberry Wyld CBN 2:1 2 x 4g Soft Chews,EDIBLES- Soft Chews,Wyld,https://res.cloudinary.com/get-greenline/image/upload/v1682522581/pe1ungb4cns8ilv168ca.jpg,$6.00 ,8,0.53,9
e23bc51f-373c-4c0b-b767-3be7e4cf7158,Feels Blue Rasp Lemonade THC10:THCV20 5 x 5g Soft Chews,EDIBLES- Soft Chews,Spinach Feelz,https://res.cloudinary.com/get-greenline/image/upload/v1696962973/fo2ixlmipb06kbrvnwrp.jpg,$6.80 ,25,2,11
eee4243c-3f82-4f32-a494-be0be0ddb4f0,Feels Blueberry Pomegranate 2:1 THC+CBN (Deep Dreamz)2 x 5g Soft Chews,EDIBLES- Soft Chews,Spinach Feelz,https://res.cloudinary.com/get-greenline/image/upload/v1657040008/dbvmnccifapo2ijeqbzz.jpg,$6.75 ,10,1,12
7e126eb4-85bb-441c-97e4-78b1df7f5491,Feels Mango Lime 1:3 THC:CBC 5 x 5g Soft Chews,EDIBLES- Soft Chews,Spinach Feelz,https://res.cloudinary.com/get-greenline/image/upload/v1668628278/yggeks03oekntujpo6ib.jpg,$7.50 ,25,2,1
bfc8b3a1-1e77-4c87-8f6a-5538cb1c4415,Feels Pineapple Starfruit 2:1 THC+CBG (Chill Bliss) 2 x 5g Soft Chews,EDIBLES- Soft Chews,Spinach Feelz,https://res.cloudinary.com/get-greenline/image/upload/v1634840256/rtr4ds0ne8rm97omfkis.jpg,$6.75 ,10,1,12
d0b0dc0e-b05b-4ec6-9b2f-4e1c8458b194,Frozen Peach Redecan 4 x 1.37g Soft Chews,EDIBLES- Soft Chews,Redecan,https://res.cloudinary.com/get-greenline/image/upload/v1657039962/dkotsxytrxxez13ditsw.jpg,$4.50 ,5.5,0.37,6
38907490-11b5-4e9f-b3be-c944efd4f9f1,Green Key Lime Hash Rosin 1 x 4.2g Soft Chew,EDIBLES- Soft Chews,RGB Cannabis,,$5.80 ,4.2,0.8,12
904e9bbf-1851-4b28-a877-afc191ba088f,Japanese Citrus Yuzu Wana Sour 2 x 4.5g Soft Chews,EDIBLES- Soft Chews,Wana,https://res.cloudinary.com/get-greenline/image/upload/v1623784399/qw21cokr0ymls19vfbeo.jpg,$6.75 ,9,0.6,20
b84be2cc-bce9-4150-8410-8aca78def3f7,Marionberry Pearls CBG 25 x 3.5g Soft Chews,EDIBLES- Soft Chews,Pearls by gron,https://res.cloudinary.com/get-greenline/image/upload/v1670959323/koofpyyk93tyzkf88krj.jpg,$21.00 ,87.5,5.8,9
b6fd21a4-16dc-49c7-9a21-7402e3fb5c2a,Midnight Berry Indica CBN/CBD 5 x 4.5g Soft Chews,EDIBLES- Soft Chews,Wana,https://res.cloudinary.com/get-greenline/image/upload/v1693587771/dypgifjb6hcggni3lzxj.jpg,$11.50 ,22.5,1.5,20
8ee201c8-d79a-4479-9bca-b73df05bc0e4,Orange Indica THC 1 x 10g Soft Chew,EDIBLES- Soft Chews,No Future,https://res.cloudinary.com/get-greenline/image/upload/v1696962963/drh2k10awde9unhx7enb.jpg,$4.49 ,10,0.67,22
903024e4-fde5-4048-92f5-a468722d7734,Orchard Medley JAR CBD 30 x 4.5g Soft Chews,EDIBLES- Soft Chews,Monjour Bare,https://res.cloudinary.com/get-greenline/image/upload/v1649191127/ynusp8fvqwt3uvrk1zsi.jpg,$36.00 ,135,9,11
a3214deb-9a20-4983-9867-57e0c0008c57,Orchard Peach Wana Sativa 2 x 4.5g Soft Chews,EDIBLES- Soft Chews,Wana Quick,https://res.cloudinary.com/get-greenline/image/upload/v1623784404/ww7p52azsdq0bena3qai.jpg,$8.31 ,9,0.6,10
c896b126-48ea-48e2-bafb-1a95cfbd8012,Pineapple Coco Tropical Vacay 3:1 4 x 3.2g Soft Chews,EDIBLES- Soft Chews,Vacay,https://res.cloudinary.com/get-greenline/image/upload/v1673369959/i7gq8spey4h6vvhflvxo.jpg,$6.00 ,12.8,0.9,3
6e9d02c2-f168-4c86-831a-43c527d7f150,Pineapple Coconut Wana Indica 2 x 4.5g Soft Chews,EDIBLES- Soft Chews,Wana Quick,https://res.cloudinary.com/get-greenline/image/upload/v1623784405/vftqmmrpajosadiijmae.jpg,$7.50 ,9,0.6,15
62b2a8f2-bc3b-4dd5-9a8b-b29e42e2e7e8,Pomegranate Berry Glitch 1 x 4.3g Soft Chew,EDIBLES- Soft Chews,Drift,https://res.cloudinary.com/get-greenline/image/upload/v1703168945/n9isqzfgvfcrcer7xaut.jpg,$3.49 ,4.3,1.3,16
451852e2-34a8-4cc6-857e-7db6881f36ce,Pomegranate Blubry Acai Wana Sour 2 x 4.5g Soft Chews,EDIBLES- Soft Chews,Wana,https://res.cloudinary.com/get-greenline/image/upload/v1623784401/gmdl22igcjiflzyowki1.jpg,$6.75 ,9,0.6,14
12c650e8-6538-4455-9cc5-53271f43f57c,Pomegranate Pearls 4:1 CBD:THC 5 x 3.5g Soft Chews,EDIBLES- Soft Chews,Pearls by gron,https://res.cloudinary.com/get-greenline/image/upload/v1657040008/fch1torrgrtarxhhq1qs.jpg,$4.60 ,17.5,1.17,8
2840d55f-410a-4782-a0cf-af08b5713b8f,Pomegranate Wyld 1:1 2 x 4g Soft Chews,EDIBLES- Soft Chews,Wyld,https://res.cloudinary.com/get-greenline/image/upload/v1682522582/kamwn5pjq0f5sg3tywsa.jpg,$5.00 ,8,0.53,18
7bb5d663-0eb1-4e0c-8630-8c12e57bc479,Raspberry Wyld 2 x 4g Soft Chews,EDIBLES- Soft Chews,Wyld,https://res.cloudinary.com/get-greenline/image/upload/v1682522582/lskuulvrjvqrcld3kgq1.jpg,$5.00 ,8,0.53,1
f763447f-8609-4bfb-b74d-c1b0c2de8f7b,Rise & Shine Clementine Wana 1:1 Sativa 2 x 4.5g Soft Chews,EDIBLES- Soft Chews,Wana Quick,https://res.cloudinary.com/get-greenline/image/upload/v1657040008/eomoczhfmishp3znveet.jpg,$7.50 ,9,0.6,11
2016901a-6225-46af-a766-701e937a7fcd,Sour Cherry Wyld 2 x 4g Soft Chews,EDIBLES- Soft Chews,Wyld,https://res.cloudinary.com/get-greenline/image/upload/v1682522582/iutrhamhao6xwdcwnloy.jpg,$5.00 ,8,0.53,17
7d9f8ff9-644e-4ad8-b5f5-22679d7053e1,Sourz Cherry Lime 5 x 5g Soft Chews,EDIBLES- Soft Chews,SOURZ by Spinach,https://res.cloudinary.com/get-greenline/image/upload/v1649191121/k6x1imuohzyx4hkdmn4k.jpg,$6.80 ,25,2,8
a24cfb10-a84e-4faa-bb0f-06d055d5472c,Sourz Peach Orange 1:1 5 x 5g Soft Chews,EDIBLES- Soft Chews,Spinach,https://res.cloudinary.com/get-greenline/image/upload/v1623784450/l84mmlgb2zrh3gqdxfgi.jpg,$6.80 ,25,2,12
638cc5ca-44dd-48bd-a17b-b360a29b91be,Sourz Strawberry Kiwi CBD50:THC10 10 x 5g Soft Chews,EDIBLES- Soft Chews,SOURZ by Spinach,https://res.cloudinary.com/get-greenline/image/upload/v1696962973/s3dorpe1kpuwkoknxnu1.jpg,$7.00 ,50,3,12
4109fb86-65bb-41b7-b96c-476987cb9a01,Sourz Strawberry Mango 5 x 5g Soft Chews,EDIBLES- Soft Chews,Spinach,https://res.cloudinary.com/get-greenline/image/upload/v1623784451/hjxfzigjxjbmqyh0bzsw.jpg,$6.80 ,25,2,12
93bf80e2-fc19-4d6a-abc6-5f1cb08c954b,Sourz Tropical Triple Berry 2:1 5 x 5g Soft Chews,EDIBLES- Soft Chews,SOURZ by Spinach,https://res.cloudinary.com/get-greenline/image/upload/v1664456441/jiwddb9563cc8tdljgek.jpg,$6.80 ,25,2,7
5599da80-f101-41f3-b630-6ffe058ab3af,Strawberry Lemonade Glitch 1 x 4.3g Soft Chew,EDIBLES- Soft Chews,Drift,https://res.cloudinary.com/get-greenline/image/upload/v1709223724/vnnri3lrckeq4gmvaeed.jpg,$3.49 ,4.3,0.3,22
7f33860f-eafd-4b4d-8ce6-3ca43448cf16,Strawberry Lemonade Wana Sour 2 x 4.5g Soft Chews,EDIBLES- Soft Chews,Wana,https://res.cloudinary.com/get-greenline/image/upload/v1623784403/kigitqqmme69ogacsyxn.jpg,$6.75 ,9,0.6,17
dfb4a0a3-b2f3-435d-88ff-5da0b2b0a6a1,Strawberry Lime Wana 2 x 4.5g Soft Chews,EDIBLES- Soft Chews,Wana Quick,https://res.cloudinary.com/get-greenline/image/upload/v1623784405/prhbncpoisxrbhda3wlr.jpg,$7.50 ,9,0.6,12
97e895ce-9dbe-479d-a26d-04041eacb446,Strawberry Pineapple Vacay Tropical 3:1 4 x 3.2g Soft Chews,EDIBLES- Soft Chews,Vacay,https://res.cloudinary.com/get-greenline/image/upload/v1680787806/kyus2taj5gfdhriemf6m.jpg,$6.00 ,12.8,0.9,11
bdc95d91-e787-4806-a79b-57bad9e3d37a,Sweet Dreams Blood Orange THC:CBD:CBN 10 x 3.5g Soft Chews,EDIBLES- Soft Chews,WILDFLOWER,,$10.99 ,35,2.33,23
d3bed443-7c3f-4c67-8ae0-e1c8a84a918d,Tropical Mix 30 x 3.2g Soft Chews,EDIBLES- Soft Chews,Nowadays,https://res.cloudinary.com/get-greenline/image/upload/v1664456441/zqrrsl8iskvrunurqgmg.jpg,$25.00 ,96,6,6
54ebc4ed-065e-4c39-b871-4ccb390edb13,Twilight Tranquility 25 x 4.5g Soft Chews,EDIBLES- Soft Chews,Monjour Bare,https://res.cloudinary.com/get-greenline/image/upload/v1664456422/tmyjfzontgwvaokzefsa.jpg,$36.00 ,112.5,7.5,1
15991319-4b3b-4135-930b-601e24638170,Wild Raspberry 5:1 CBD/THC Indica 2 x 4.5g Soft Chews,EDIBLES- Soft Chews,Wana,,$6.75 ,9,0.6,10
a555db49-035c-4be4-af4a-a4af147e9882,Apple Fritter 3.5g Dried Flower,HYBRID,Back Forty,https://res.cloudinary.com/get-greenline/image/upload/v1673369939/qpukm4y85dxdwec2rc6i.jpg,$21.75 ,3.5,3.5,11
68a113f5-3356-4411-acaa-ff0d2075eb00,Big Pleasures 28g Dried Flower,HYBRID,Pure Laine Cannabis,https://res.cloudinary.com/get-greenline/image/upload/v1680787787/qj4wpyumv0a2oobt1mtf.jpg,$100.00 ,28,28,6
4b47ab17-560c-402f-9d2e-b411da9aecaf,Craft Collective Limited Drops 3.5g Dried Flower,HYBRID,7ACRES Craft Collective,,$42.50 ,3.5,3.5,8
7c19960b-d00f-44fd-86e1-cbd0c584c8ec,Divvy Pink Gas 7g Dried Flower,HYBRID,Divvy,,$39.75 ,7,7,3
28eb812c-8d9a-44ef-bfbb-54782e2d2fe8,Event Horizon 3.5g Dried Flower,HYBRID,SPACE RACE CANNABIS,,$27.75 ,3.5,3.5,12
fe75ac25-91f0-4a3d-8367-d0d354463ad1,Manic Mango 10g Milled Flower,HYBRID,DAB BODS,,$28.00 ,10,10,13
8c28700c-efd2-44ee-93a6-55a0aa2826a6,Rainbow Oz 4 x 7g Milled Flower,HYBRID,SHRED,https://res.cloudinary.com/get-greenline/image/upload/v1693241865/bba5sqbx0ksjwsxuhvzw.jpg,$107.25 ,28,28,6
b2bf3a96-7d6f-4fd9-93a4-0eea431b78bc,Tangerine Dream 1g Dried Flower,HYBRID,Choice Growers,,$8.25 ,1,1,8
43a0bf07-6ae7-4c8b-8906-58840f85f9da,WindMill Hybrid 7g - Milled Flower,HYBRID,Windmill,,$28.50 ,7,7,1
a774c2b6-512e-409f-9e7b-ebc88416c6a5,Afghaniskunk 7g Dried Flower,INDICA,Canaca,https://res.cloudinary.com/get-greenline/image/upload/v1696962955/sokopjcd9c8gtxpov67g.jpg,$39.50 ,7,7,12
38479c16-3932-4945-8fbd-328d3fa49b8b,Atomic Sour Grapefruit 28g Dried Flower,INDICA,Spinach,https://res.cloudinary.com/get-greenline/image/upload/v1703168915/mhivcfu0jg2sxkdsifhh.jpg,$122.00 ,28,28,6
1e39a5c1-a3ba-4670-8551-6c58a43a9031,D. Burger 28g Dried Flower,INDICA,The Original Fraser Valley Weed Co.,,$91.25 ,28,28,5
1c1c82ca-e66d-465f-84fc-02e072c41335,Dab Bods Indica 10g Milled Flower,INDICA,Bubble Bump,,$28.00 ,10,10,11
d7b4d68b-4f52-4062-ac97-849b6971d493,Death Star 14 g Whole Flower,INDICA,Versus,https://res.cloudinary.com/get-greenline/image/upload/v1685036775/ucawtgvmkgdzxstqrqju.jpg,$58.50 ,14,14,6
97a7a967-f6b9-4302-a931-25b5f7b0d56d,Death Star 28 g Whole Flower,INDICA,Versus,https://res.cloudinary.com/get-greenline/image/upload/v1685036775/byurioxcxjnefq6iaofb.jpg,$89.50 ,28,28,6
b18603b8-2d8a-41aa-9423-ae27f9312e03,Grand Daddy Purps 3.5g Dried Flower,INDICA,Good Supply,https://res.cloudinary.com/get-greenline/image/upload/v1673369939/epikhh92iuqiijxoiy2s.jpg,$20.75 ,3.5,3.5,12
43044151-eba2-425c-9466-ac5bdb8718a8,Mellow Man 3.5g Dried Flower,INDICA,FIGR,https://res.cloudinary.com/get-greenline/image/upload/v1703168953/uvepoquhqyitr1us2zcp.jpg,$24.75 ,3.5,3.5,9
1026817d-673b-4e4c-96f0-6bb6d51c228d,Panda Puff 3.5g Dried Flower,INDICA,Back Forty,https://res.cloudinary.com/get-greenline/image/upload/v1664456390/hnyztmahnhyaokobxbks.jpg,$21.75 ,3.5,3.5,12
24085a39-efdf-417b-8a3c-15c045e89ead,Pink Diesel 71 14g Dried Flower,INDICA,San Rafael 71,https://res.cloudinary.com/get-greenline/image/upload/v1680787780/wjai47upvfbxa4hfvtok.jpg,$78.75 ,14,14,6
be43caf9-4d3a-41c0-88a0-2b07af5df036,Pop N' Pour Melonade 3.5g Milled Flower,INDICA,Super Toast,https://res.cloudinary.com/get-greenline/image/upload/v1700060676/b21fqs2vtr4yiqmqlgtg.jpg,$21.00 ,3.5,3.5,12
d3375ce3-eeaf-46bb-8471-1ac7c0c7ff85,The Za 7g Dried Flower,INDICA,endgame,https://res.cloudinary.com/get-greenline/image/upload/v1703168949/mo2jrqs2ycqm4qyfixhk.jpg,$43.50 ,7,7,1
6ba63ab6-da94-4c08-a1e7-2f5ad88f11f1,Mood Ring High CBD36 27.5g Oil,OILS,Mood Ring,,$32.50 ,27.5,0.41,6
2e50698f-e0c3-45c7-ada7-28031887bf05,Mood Ring High THC Oil,OILS,Mood Ring,,$32.40 ,27.5,0.41,5
5b022b00-a801-4c94-b62c-2f98dcc3df0d,Solei Balance OIL 30ml Oil,OILS,Solei,,$30.50 ,30,0.41,4
5c4b4696-bc56-46bd-b522-9071bdb65914,AAA Indica Hiway 2 x 1g Pre-Rolls,PREROLLS,Hiway,https://res.cloudinary.com/get-greenline/image/upload/v1678489457/ezicjiwmkj98yihw1qww.jpg,$10.25 ,2,2,23
776e7ee6-4d1e-4e3e-b36a-1a1775ea059e,AAA Sativa Hiway 2 x 1g Pre-Rolls,PREROLLS,Hiway,https://res.cloudinary.com/get-greenline/image/upload/v1678489457/wz76a6ffi47x42ias1ny.jpg,$10.25 ,2,2,22
3288a8a1-06c1-4d73-a86e-dce20a92738a,Animal Face Cookies 1 x 1g Blunt,PREROLLS,Wink,https://res.cloudinary.com/get-greenline/image/upload/v1657040027/bcyhw3pel98pff0dpus9.jpg,$10.75 ,1,1,20
4cdb9160-24f7-42b9-8149-4edca75b716c,Animal Rntz 10 x 0.4g Pre-Rolls,PREROLLS,Redees Hemp'd,https://res.cloudinary.com/get-greenline/image/upload/v1696962949/l4imagtxna2bjrsjp21h.jpg,$24.75 ,4,4,10
58255490-ef78-4799-997f-2402d7751ccb,Apollo 1 x 0.4g Pre-Roll,PREROLLS,SPACE RACE CANNABIS,,$4.65 ,0.4,0.4,40
e75e06a6-a66e-4cb7-854d-37db9dd1f3b2,Area 51 10 x 0.3g Pre-Rolls,PREROLLS,Pure Sunfarms,,$21.50 ,3,3,2
d5b3c809-c726-4fdc-b6ce-ec86f992787f,Berrylicious Electric Dartz 10x0.4g Super Slim Pre-Rolls,PREROLLS,DAB BODS,,$21.25 ,4,4,4
af42e201-2920-413c-ad6e-18c272ff0701,Black Mamba 3 x 0.5g Pre-Rolls,PREROLLS,Ritual Sticks,https://res.cloudinary.com/get-greenline/image/upload/v1668628282/mivtwqamvwotxb71txvw.jpg,$13.75 ,1.5,1.5,11
2fcf4df5-bb58-4a6a-81a4-5224db09f441,Blue Dream 1 x 0.5g Pre-Roll,PREROLLS,Station House,https://res.cloudinary.com/get-greenline/image/upload/v1649191134/owlbocj27v4sms2jj43z.jpg,$5.10 ,0.5,0.5,4
ffeed698-1d87-4ddf-9455-f2002995a7be,Bubble Bath 10 x 0.35g Pre-Rolls,PREROLLS,Qwest 35's,https://res.cloudinary.com/get-greenline/image/upload/v1710860272/gyukynh4wiltmd8fhcno.jpg,$24.75 ,3.5,3.5,12
2a204cda-b37b-4b13-8194-0d720024de4e,Cherry Electric Dartz 10x0.4g Super Slim Pre-Rolls,PREROLLS,DAB BODS,https://res.cloudinary.com/get-greenline/image/upload/v1693241856/m5q7yeh0hv11pemfshsk.jpg,$21.25 ,4,4,8
d73078cd-18d0-474a-bcda-5650493f1794,Chunk Dawg 1 x 1g Pre-Roll,PREROLLS,Terp Town Collective,https://res.cloudinary.com/get-greenline/image/upload/v1674486935/wzvxaiep1r2gqouoxxfu.jpg,$11.80 ,1,1,13
00457361-496b-457f-8416-c39fed1b23d7,Cold Creek Kush 10 x 0.4g Pre-Rolls,PREROLLS,Redecan,https://res.cloudinary.com/get-greenline/image/upload/v1634840219/cplealedf8wavrfjyk63.jpg,$21.00 ,4,4,11
32e16477-5dc3-4fa7-bb05-8a2952535ee3,Crab Cakes 3 x 0.5g  Pre-Rolls,PREROLLS,SKOSHA,,$14.25 ,1.5,1.5,11
65ae9391-8ef5-4493-a275-b24df8e5213a,Death Star BOLD 3 x 0.5g Pre-Rolls,PREROLLS,BOLD,https://res.cloudinary.com/get-greenline/image/upload/v1680787780/n7xvvghbofxicajsaaev.jpg,$19.25 ,1.5,1.5,9
52a8b1ab-d25d-45ea-92de-8f73550c6609,Discovery 2 x 1g Pre-Rolls,PREROLLS,SPACE RACE CANNABIS,,$15.00 ,2,2,12
b054077c-cbf7-4570-a394-42b597acdf35,Electric Lettuce Solo 1 x 0.5 g Pre-Roll,PREROLLS,Natural History,https://res.cloudinary.com/get-greenline/image/upload/v1703168890/lrupya8xj1gyxdomh8kj.jpg,$5.40 ,0.5,0.5,5
47ad66d7-3b9f-4336-a513-e34d1ae91180,Er'What Multi-Pack 12 x 0.3g Pre-Rolls,PREROLLS,Er'What,,$24.50 ,3.6,3.6,12
64a747c5-707a-4fb0-b375-29816605c46f,Ethosglue 10 x 0.5g Pre-Rolls,PREROLLS,Countryside Cannabis,,$32.30 ,5,5,12
547b7850-07b7-426e-a320-28f138b08038,Family Pack Variety 4 x 0.5g Pre-Rolls Qwest,PREROLLS,Qwest,https://res.cloudinary.com/get-greenline/image/upload/v1657040027/jawdv9h69k5dangtwc9g.jpg,$20.00 ,2,2,-2
c902f126-49d0-4fef-b70a-ee421bc133a8,Freedom 4 x 0.5g Pre-Rolls,PREROLLS,Freedom Cannabis,,$12.90 ,2,2,24
2e04ac17-19f1-4a81-b074-4449b412eddc,Galaxy Skippers 2 x 0.4g Pre-Rolls,PREROLLS,SPACE RACE CANNABIS,,$9.20 ,0.8,0.8,39
8d88ed26-7f57-472b-86fb-c52f50b6c3f1,Ghost Train Haze 1 x 0.5g Pre-Roll,PREROLLS,Station House,https://res.cloudinary.com/get-greenline/image/upload/v1695154811/rj0cnfdf5van7fhtxyqz.jpg,$5.10 ,0.5,0.5,4
52ee5e5f-b3e5-49b1-8bb3-97e2a87bff21,Glueberry Redees 10x0.4g Pre-Rolls,PREROLLS,Redecan,https://res.cloudinary.com/get-greenline/image/upload/v1677258837/z4xdqj3prhetai7zs5f4.jpg,$21.00 ,4,4,9
88f47eb9-4c39-40a5-a311-98332eac8ddd,Gnarberry Dartz 10 x 0.40 g Pre-Rolls,PREROLLS,SHRED,https://res.cloudinary.com/get-greenline/image/upload/v1686850984/ewou2twox9ui7ds7p2e0.jpg,$20.50 ,4,4,6
84baa5ad-f2ad-495e-b00c-1411036250c2,Jealousy x Apples & Bananas  12x0.5g Pre-Rolls,PREROLLS,Truro,,$38.49 ,6,6,4
88475091-dea8-42d3-a0bf-531536b1b221,King Sherb 10 x 0.4g Pre-Rolls,PREROLLS,Redees Hemp'd,https://res.cloudinary.com/get-greenline/image/upload/v1696962949/l8xqg7huvtky7fzkhthe.jpg,$24.75 ,4,4,-1
01270ed6-68bd-4883-b7e2-4afd2c7ffcbf,Leigh OG 5 x 0.5g Pre-Rolls,PREROLLS,Castle Rock Farms,,$23.50 ,2.5,2.5,1
305f2742-d340-4bd9-8df5-56738211a796,Panda Puff 10 x 0.35g Pre-Rolls,PREROLLS,Back Forty,https://res.cloudinary.com/get-greenline/image/upload/v1670959309/rio0ttxnm604pvw0hc0o.jpg,$22.25 ,3.5,3.5,11
b73fa1ec-0cdd-4f41-845f-f2ef353c746a,Pick Me Up 10 x .5 g Pre-Rolls,PREROLLS,Castle Rock Farms,,$37.00 ,5,5,12
d4b99359-26d6-4481-b68d-246f908c7763,Pie + Cookies Combo Pack 20 x 0.35g Pre-Rolls,PREROLLS,Back Forty,https://res.cloudinary.com/get-greenline/image/upload/v1695154819/vcc0ieznynfy5yer0ab8.jpg,$43.25 ,7,7,12
7df2f1d1-7783-457c-a40f-d10774cdff3f,Pineapple Express Electric Dartz 10x0.4g Super Slim Pre-Rolls,PREROLLS,DAB BODS,https://res.cloudinary.com/get-greenline/image/upload/v1670959299/ub8z8pzyw5lxdco4ii6a.jpg,$21.25 ,4,4,8
eeca8b2d-98ab-401c-8a0d-900f529d8ce7,Pink Kush 1 x 0.5g Pre-Roll,PREROLLS,Station House,https://res.cloudinary.com/get-greenline/image/upload/v1649265907/ah4jxmfynktfrhe7mnq9.jpg,$5.10 ,0.5,0.5,-1
fff48eea-3308-4d11-ad4c-6d48c0e993cb,Pink Kush 1x1g Pre-Rolls,PREROLLS,Pure Sunfarms,https://res.cloudinary.com/get-greenline/image/upload/v1710860223/ozdtsnqi3t31bcj0htrp.jpg,$8.50 ,1,1,11
847994ad-f32c-48e7-9d26-11cc71b0cf84,Root Beer Float 1 x 1.0 g Blunt,PREROLLS,BOLD,https://res.cloudinary.com/get-greenline/image/upload/v1685036727/aqbxzxjsxnof22hxiads.jpg,$14.80 ,1,1,9
466f7731-f155-4fa6-a9d4-99861f07a727,Sherbhead 1 x 1g Pre-Roll,PREROLLS,Terp Town Collective,https://res.cloudinary.com/get-greenline/image/upload/v1685036723/ikszrw4fdpqyxaj8rzyf.jpg,$11.50 ,1,1,4
e43c0bea-8f0f-4a9c-81bc-052c94423d4b,Space Funk 1 x 0.5 g Pre-Roll,PREROLLS,Supernova Farms,,$5.60 ,0.5,0.5,1
4260dcc3-2b5d-456d-98f2-8935610a7e63,Sputnik 1 x 0.4g Pre-Rolls,PREROLLS,SPACE RACE CANNABIS,,$4.65 ,0.4,0.4,24
3173e256-e5ae-4f5f-a385-a3df206ccc9d,Stargirl 1 x 1.0 g Pre-Roll,PREROLLS,SPACE RACE CANNABIS,,$8.50 ,1,1,26
8557aa44-8839-4293-84ca-35d137b85d57,Stinky Sticks 1 x 0.5 g Pre-Roll,PREROLLS,Truro,,$4.80 ,0.5,0.5,21
0ab0f294-29e2-4cb3-889b-5fc4b4824737,The Drifter 3 x 0.5g Pre-Rolls,PREROLLS,Freedom Cannabis,,$9.95 ,1.5,1.5,23
57b4f1ad-ff89-4afe-a82c-ff7abdd34daa,The Nomad 3 x 0.5g Pre-Rolls,PREROLLS,Freedom Cannabis,,$9.95 ,1.5,1.5,24
8ff9f23d-34e3-4f83-a022-2123f6d10125,The Undercaker 1 x 1.0 g Pre-Roll,PREROLLS,Terp Town Collective,https://res.cloudinary.com/get-greenline/image/upload/v1696962949/oyhwh6mu1dlhokhj2gtg.jpg,$11.50 ,1,1,12
fba9bbe0-13f4-42de-a805-3a2217436228,Thicc Mintz 1 x 1.0 g Pre-Roll,PREROLLS,Terp Town Collective,https://res.cloudinary.com/get-greenline/image/upload/v1680787761/lsxca0syhh1voppxajze.jpg,$11.80 ,1,1,4
0c9e580c-1e79-4c98-8e89-e5b13aad9d9f,Time Travellers 2 x 0.4g Pre-Rolls,PREROLLS,SPACE RACE CANNABIS,,$9.00 ,0.8,0.8,28
e0a52248-a721-42d8-bc3c-8886691ca898,TKO Sativa Strain 2 x 1g Blunt,PREROLLS,TKO,,$21.00 ,2,2,12
49057b85-67a4-4d6c-a7af-337eec9fdcec,Tropic Thunder Dartz 10 x 0.40 g Pre-Rolls,PREROLLS,SHRED,https://res.cloudinary.com/get-greenline/image/upload/v1684354882/tfycfmuyvnqezfxfsc31.jpg,$20.50 ,4,4,22
e037d2cd-57da-4e2a-bdf5-a1b202417a02,Tropic Thunder J's 14 x 0.5g Pre-rolls,PREROLLS,SHRED,https://res.cloudinary.com/get-greenline/image/upload/v1623782047/fd4vorhw0c1agkdgxp4o.jpg,$42.75 ,7,7,1
68639912-b128-4a7f-a534-361e7071e001,Unicorn Shoes 1 x 0.5 g Pre-Roll,PREROLLS,Supernova Farms,,$5.20 ,0.5,0.5,5
55effbde-15c3-4969-b451-3470cc77a6d9,Variety Station House 6-Pack 6 x 0.5g Pre-Rolls,PREROLLS,Station House,https://res.cloudinary.com/get-greenline/image/upload/v1657040022/gyjuvxupgfeibm0o3d81.jpg,$28.50 ,3,3,7
d1ef586a-9d71-4817-be04-81ab5ef51b78,Variety Valhalla Pack 3 x 0.5g Pre-Rolls,PREROLLS,Valhalla FLWR,https://res.cloudinary.com/get-greenline/image/upload/v1695154791/bl0tcyrjd2xitdeh4wi9.jpg,$22.50 ,1.5,1.5,6
9b7d549d-58ed-4038-aea9-c69c260d7f16,Voyager 1 x 0.4g Pre-Rolls,PREROLLS,SPACE RACE CANNABIS,,$4.65 ,0.4,0.4,47
97ad2585-49c8-409c-a3a4-ee5ee397cc85,Wappa 10 x 0.4g Pre-rolls,PREROLLS,Redecan,https://res.cloudinary.com/get-greenline/image/upload/v1642692693/gdcwruywjascuxjbsskz.jpg,$21.00 ,4,4,21
ca27f216-eb64-48f6-b2e4-fc57033fc05f,Warlock Redees 10x0.4g Pre-Rolls,PREROLLS,Redecan,https://res.cloudinary.com/get-greenline/image/upload/v1673369933/nw4ixy8rqw716ojgy4mq.jpg,$21.00 ,4,4,23
d181e240-fe83-4ace-b24f-18431d2a6043,Watermelon Gushers 1 x 0.5g Pre-Roll,PREROLLS,Castle Rock Farms,,$6.50 ,0.5,0.5,11
f2ac1c9a-d815-4de6-be22-f74cff61e0e1,Zombie Rasta 1 x 1g Pre-Roll,PREROLLS,Bud Lafleur,,$11.70 ,1,1,7
68062960-0682-4c5f-a8a8-30570c50eb41,Berry Special Variety Pack 3 x 0.5g Resin Infused Pre-Rolls,PREROLLS INFUSED,DAB BODS,https://res.cloudinary.com/get-greenline/image/upload/v1686850990/b1gg8q35pdk7z4myneet.jpg,$38.75 ,1.5,6,12
6ff56297-6d3d-4e02-ae18-8c6c8a746c46,Blueberry 3 x 0.5g Resin Infused Pre-Rolls,PREROLLS INFUSED,DAB BODS,https://res.cloudinary.com/get-greenline/image/upload/v1664456414/r55x5jojtozzcigk5j70.jpg,$38.75 ,1.5,6,8
746f5b66-2b94-4a65-8456-e3b42ef97c1f,Blueberry Blaster Heavies 3 x 0.5g Infused Pre-Rolls,PREROLLS INFUSED,SHRED X,https://res.cloudinary.com/get-greenline/image/upload/v1693241857/ray2v3joehdqficuahcy.jpg,$23.25 ,1.5,6,12
beea6b89-70fe-4df0-905b-5349ab34c2c5,Bubba Fruit 3 x 0.5g Infused Pre Rolls,PREROLLS INFUSED,BOXHOT,https://res.cloudinary.com/get-greenline/image/upload/v1693241866/kexdx2aqev1rbmf99uoi.jpg,$24.75 ,1.5,6,10
253fd84a-d60e-45a3-88be-ff32497f2059,Citrus Variety Pack 3 x 0.5g Resin Infused Pre-Rolls,PREROLLS INFUSED,DAB BODS,https://res.cloudinary.com/get-greenline/image/upload/v1677258837/gadcuq71w008n7iodaup.jpg,$38.00 ,1.5,6,2
a0fede6f-0ac8-4eca-9efb-0a89f591bb03,Diamond District Sativa 3 x 0.5g Infused Pre-Rolls,PREROLLS INFUSED,Weed Me,https://res.cloudinary.com/get-greenline/image/upload/v1664456492/txaoq69e298vdu3odgmo.jpg,$26.25 ,1.5,6,6
9fb6c712-aeca-452a-8745-ee7ae8bf5b6b,Ghost Train Haze 1 x 0.5g Infused Pre-Roll,PREROLLS INFUSED,Station House,,$11.25 ,0.5,2,13
7fad6626-d652-4de2-981f-510795709306,Gnarberry Heavies 3 x 0.5g Infused Pre-Rolls,PREROLLS INFUSED,SHRED X,https://res.cloudinary.com/get-greenline/image/upload/v1684354882/xgsalldbwozgmgriwrgg.jpg,$23.25 ,1.5,6,11
6c7d017e-1ed3-41d6-8845-bfd976cea23c,Grape Ape 1 x 1g Resin Infused Pre-Roll,PREROLLS INFUSED,DAB BODS,,$16.65 ,1,4,5
5b5ccddb-2044-4e4a-872e-babbc068a437,Grape Ape 3 x 0.5g Resin Infused Pre-Rolls,PREROLLS INFUSED,DAB BODS,https://res.cloudinary.com/get-greenline/image/upload/v1637591548/g3bkp1ipwlqe9por6kx9.jpg,$35.75 ,1.5,6,11
5ade9730-f1b7-4621-a9c9-63873a9d4cba,Green Monkey 1 x 2g Blunt,PREROLLS INFUSED,DAB BODS,,$38.00 ,2,8,8
7b60c776-2496-4cc6-b24e-df5ec24c9c73,Guava Lime Go Time Heavies 3 x 0.5g Infused Pre-Rolls,PREROLLS INFUSED,SHRED X,https://res.cloudinary.com/get-greenline/image/upload/v1700060676/rxhjyqxs6nk0gjymc7vr.jpg,$23.75 ,1.5,6,11
0c4124d1-de7f-4ccb-bb50-1f3617a82f6f,Hawaiian 3 x 0.5g Shatter Infused Pre-Rolls,PREROLLS INFUSED,DAB BODS,,$32.00 ,1.5,6,12
fcb95fcd-29a4-4326-9ad9-41a005de3d82,Mango Kiwi Haze CBC 3x0.5g Infused Pre-Rolls,PREROLLS INFUSED,Spinach Feelz,https://res.cloudinary.com/get-greenline/image/upload/v1680787824/lxrcqnmipvhpkraxycou.jpg,$24.00 ,1.5,6,2
45aed13f-dbad-4a93-a51f-b00400c0624f,Melon Haze 3 x 0.5g Live Resin + Diamond Infused Pre-Rolls,PREROLLS INFUSED,Zest Cannabis,https://res.cloudinary.com/get-greenline/image/upload/v1680787772/jmefsjrjgmcykh3rafyc.jpg,$26.75 ,1.5,6,7
8b267cf9-19b6-4d75-9d4d-365f0f190e4d,Melonberry 3 x 0.5g Resin Infused Pre-Rolls,PREROLLS INFUSED,DAB BODS,,$34.25 ,1.5,6,3
eba7a047-ff7d-414b-8e4d-e5f3f504acfc,Mother Pucker Heavies 3 x 0.5g Infused Pre-Rolls,PREROLLS INFUSED,SHRED X,https://res.cloudinary.com/get-greenline/image/upload/v1700060676/up6a5kzpp5woii3rt8se.jpg,$25.25 ,1.5,6,11
d3a22fc2-dbed-4f63-9bc9-7258b4e85c79,OG Kush Express 1 x 0.5g Infused Pre-Roll,PREROLLS INFUSED,Station House,https://res.cloudinary.com/get-greenline/image/upload/v1686850989/g4aiyii3gfkfigj9gp2l.jpg,$10.75 ,0.5,2,12
b448203b-ee2f-4762-91af-e02a0ac25381,Orange Hill 3 x 0.5g Shatter Infused Pre-Rolls,PREROLLS INFUSED,DAB BODS,https://res.cloudinary.com/get-greenline/image/upload/v1657039955/ttgtxccrcupnfin18j9k.jpg,$30.25 ,1.5,6,3
d2f267c0-e7f1-4a39-a907-1d560393067b,Pacific OG Ultra Max 3 x 0.5g Infused Pre-Rolls,PREROLLS INFUSED,Tantalus Labs,,$31.00 ,1.5,6,12
aabbab8a-0c2d-42ae-9869-b4ecd337627f,Peach OG 1 x 1g Infused Blunt,PREROLLS INFUSED,BOXHOT,https://res.cloudinary.com/get-greenline/image/upload/v1677258860/dpsk5izivx3u9wjs6dth.jpg,$16.50 ,1,4,12
0bd7906a-abf5-4ae7-ae20-81e53144935f,Peach OG 3 x 0.5g Infused Pre-Rolls,PREROLLS INFUSED,BOXHOT,https://res.cloudinary.com/get-greenline/image/upload/v1693241866/yqefozo2km7asgsceoph.jpg,$27.50 ,1.5,6,9
3f0ca358-a1db-4df0-9952-0c606be87583,Pineapple Chunk 3 x 0.5g Resin Infused Pre-Rolls,PREROLLS INFUSED,DAB BODS,,$33.50 ,1.5,6,10
8d227c1d-4bc7-44b3-a8fc-66ab52830afc,Pineapple Upside Down Cake 3 x 0.5g Distillate and Terpene Infused Pre-Rolls,PREROLLS INFUSED,Baked,,$24.75 ,1.5,6,12
ca4b2164-3899-49b2-a29d-9f3c041821de,Rainbow Burst 3 x 0.5g Infused Pre-Rolls,PREROLLS INFUSED,BOXHOT,,$25.99 ,1.5,6,7
99f5ea5b-7509-4aeb-9f8b-045522a281dd,Rainbow Heavies 3 x 0.5g Infused Pre-Rolls,PREROLLS INFUSED,SHRED X,https://res.cloudinary.com/get-greenline/image/upload/v1700060676/mmmht2q8inzwjkxu0clj.jpg,$24.99 ,1.5,6,4
5db292a1-cec5-4ea7-b4e9-bc6888af2e9c,Rocket Fuel 3 x 0.5g Infused Pre-Rolls,PREROLLS INFUSED,BOXHOT,https://res.cloudinary.com/get-greenline/image/upload/v1700060673/cksqf5bjelekbu2eucc0.jpg,$25.50 ,1.5,6,10
670069f2-c090-413b-b987-df4d04e4b1cd,Strawberry Freeze 3 x 0.5g Resin Infused Pre-Rolls,PREROLLS INFUSED,DAB BODS,,$35.75 ,1.5,6,5
6e936739-b83d-430d-b8e9-74b1bea1f240,Tiger Blood 3 x 0.5g Distillate Infused Pre-Rolls,PREROLLS INFUSED,General Admission,https://res.cloudinary.com/get-greenline/image/upload/v1664456501/opbb0xfds3t4xs5i31sn.jpg,$27.00 ,1.5,6,16
38f7b329-531d-4e18-80f1-e19ddd463dfa,Tropic Thunder Heavies 3 x 0.5g Infused Pre-Rolls,PREROLLS INFUSED,SHRED X,https://res.cloudinary.com/get-greenline/image/upload/v1684354882/enwunjp3rebgy6mz22j3.jpg,$23.25 ,1.5,6,8
23bb284d-3b63-4ffb-8a90-013beb511540,Watermelon OG 1 x 0.5g Infused Blunt,PREROLLS INFUSED,RAD,https://res.cloudinary.com/get-greenline/image/upload/v1657040027/avw3mckbpftaybke4a8z.jpg,$13.50 ,0.5,2,12
8e6cdc07-36ac-40e6-93a3-240b53fbb9e2,All Purpose Flower Sativa 28g Flower,SATIVA,Bake Sale,https://res.cloudinary.com/get-greenline/image/upload/v1623784371/xt0jbpw1wadurp1nkedr.jpg,$74.99 ,28,28,11
0ce4902c-31f3-4d10-ae74-7bab061fc79f,Berry Smasher 3.5g Dried Flower,SATIVA,Muskoka Grown,,$27.25 ,3.5,3.5,19
e40e4184-5bc0-412e-853c-2121b3c17d1c,Black Jelly 3.5g Dried Flower,SATIVA,San Rafael 71,https://res.cloudinary.com/get-greenline/image/upload/v1703168946/cuktq3yp61gjagfhkzlv.jpg,$24.75 ,3.5,3.5,6
33c7a79f-3750-4fe2-86e0-50e9158dc337,Crab Cakes 7g Dried Flower,SATIVA,SKOSHA,https://res.cloudinary.com/get-greenline/image/upload/v1682522585/tmx6n0myfawhpv5mgsuo.jpg,$54.00 ,7,7,12
93367c44-ca0a-409d-99ac-ee98545127bd,Cropped Sativa Harvest 14g Milled Flower,SATIVA,Divvy,https://res.cloudinary.com/get-greenline/image/upload/v1649191108/j9snvztpntqrwxfyvcuu.jpg,$46.25 ,14,14,4
9ee2646b-c65f-455c-96fd-51b5b8d06819,Dab Bods Sativa 10g Milled Flower,SATIVA,DAB BODS,,$28.00 ,10,10,14
09b0b43f-aae7-4d62-8b06-22a057ed5445,Jean Guy 28 g Dried Flower,SATIVA,Good Supply,https://res.cloudinary.com/get-greenline/image/upload/v1559245038/82cde7e6-04d8-4565-8a0b-165a74e852f5.png,$111.50 ,28,28,9
1c1f817e-4ed1-4391-aa17-adba7ca942fa,Jean Guy 3.5g Dried Flower,SATIVA,Good Supply,https://res.cloudinary.com/get-greenline/image/upload/v1559245038/82cde7e6-04d8-4565-8a0b-165a74e852f5.png,$21.00 ,3.5,3.5,8
2c18b7fc-c531-4782-9c4f-03d911f9f119,Peach Chauffeur #15 3.5g Dried Flower,SATIVA,OGEN,,$29.50 ,3.5,3.5,1
f5a18079-34ef-4cb3-a2a4-6b3cf53287b3,Platinum Cookies 3.5g Dried Flower,SATIVA,Palmetto,https://res.cloudinary.com/get-greenline/image/upload/v1623784473/aiuwplozmmabwjs7g3cw.jpg,$25.50 ,3.5,3.5,11
c05d9da7-2e48-42a1-9d25-2b6dd1fba6f4,Pop N' Pour Strawnana 3.5g Milled Flower,SATIVA,Super Toast,https://res.cloudinary.com/get-greenline/image/upload/v1700060676/lsi0hvig9a7biq1nqan3.jpg,$21.00 ,3.5,3.5,12
b8d1dc5c-d960-48fd-af49-6fbead535199,Slurface 7g Dried Flower,SATIVA,Alberta Bud,,$39.50 ,7,7,1
6be1daff-1c35-492a-aafd-2463520be735,Strawberry n' Mintz 3.5g Dried Flower,SATIVA,MTL Cannabis,https://res.cloudinary.com/get-greenline/image/upload/v1664456414/d2jid6acnt9c5bwkvqsv.jpg,$35.25 ,3.5,3.5,6
be560abd-b1f4-48b4-b93a-88a7dce0b870,Sweet Island Skunk 14 g Whole Flower,SATIVA,Versus,https://res.cloudinary.com/get-greenline/image/upload/v1685036775/pfjgvcue4clymwrkmplm.jpg,$62.50 ,14,14,4
6d62cc8a-d1f5-483e-b312-1ab3caefad42,Sweet Island Skunk 28 g Whole Flower,SATIVA,Versus,https://res.cloudinary.com/get-greenline/image/upload/v1685036775/jc3scdvsf4uj1glm2f4q.jpg,$94.75 ,28,28,3
c25b64ff-d2c1-4f36-9541-7e65146cbda3,Tangerine Twist 3.5g Dried Flower,SATIVA,Spinach,https://res.cloudinary.com/get-greenline/image/upload/v1664456441/nilzqaw0ppudfgzjygwe.jpg,$22.00 ,3.5,3.5,2
550dde4d-5d30-4cf0-88c9-412dd1ac01da,Zsweet 3.5g Dried Flower,SATIVA,Er'What,,$24.75 ,3.5,3.5,6
30474023-1bdb-480b-8a48-bf74d3afaf7d,Balance CREAM YELLOW BOX 1:1 THC:CBD 75 g Body Cream,TOPICALS,Solei,https://res.cloudinary.com/get-greenline/image/upload/v1623780971/djnhwfnrnt19p3tvjs2j.jpg,$35.00 ,75,1.1,1
0f930f84-cdd6-4054-b017-ad68ea5017f2,Extra Strength Menstrual CBD Relief Roller 10g,TOPICALS,Proofly,https://res.cloudinary.com/get-greenline/image/upload/v1673369959/iamtkdfif5glq88tb1ff.jpg,$39.50 ,9.4,0.14,1
5960e02a-3de7-4194-a5ed-bba96bd7890a,ExtraStrength CBD Relief Cooling Gel 100g,TOPICALS,Proofly,https://res.cloudinary.com/get-greenline/image/upload/v1649191120/jwxltmrrwbd6xfwzxtdg.jpg,$39.50 ,100,1.43,2
6b260ebf-5b2f-4dc1-930b-a1f936111afe,Frankinsence CBD Dead Sea Bath Salt 250g,TOPICALS,AXEA,https://res.cloudinary.com/get-greenline/image/upload/v1655491559/pm65e4piyy7sotsa9gyq.jpg,$26.00 ,250,3.57,10
6e84a4eb-383b-4b97-93e8-32589660acc2,Free CBD Body Cream 75g,TOPICALS,Solei,https://res.cloudinary.com/get-greenline/image/upload/v1623780974/lilxaiqssz3p2hr2f4x7.jpg,$35.00 ,75,1.1,6
31ff2271-3e55-4c01-99d7-7a9b49a69b02,Lavender CBD Bath Bomb,TOPICALS,Noon & Night,https://res.cloudinary.com/get-greenline/image/upload/v1623781070/vye6cmqwu8mluyedmbhf.jpg,$12.50 ,85,5.67,4
f9fc55fe-1374-4a6c-8af5-a052ce7acfe1,Shinrin Yoku Fizz Bath Bomb 85g,TOPICALS,Noon & Night,https://res.cloudinary.com/get-greenline/image/upload/v1670959354/foldsthfgomzmdc3fl0n.jpg,$12.50 ,85,5.67,8
faaf8daf-124f-4f62-b593-9729103f011e,Wildflower Cool Stick,TOPICALS,WILDFLOWER,https://res.cloudinary.com/get-greenline/image/upload/v1626385226/b58b1vbpd10f4g6ra7nm.jpg,$35.00 ,30,2,8
9adb96d2-9b5d-48f3-85f9-3d897c6b2121,Wildflower Relief Stick,TOPICALS,WILDFLOWER,,$37.00 ,30,2,4
17cab157-c4ad-4a43-ba42-51b5c669892c,Wildflower Relief Stick Extra Strength CBD 60g,TOPICALS,WILDFLOWER,https://res.cloudinary.com/get-greenline/image/upload/v1693241870/bvimd1lafvpa3n3avsbc.jpg,$54.00 ,60,4,4
9bff247a-0127-4dde-b29b-c88bc4d34663,Acapulco Gold Live Resin 0.5g Rechargable Disposable Vape Pen,VAPES,Jonny Chronic,https://res.cloudinary.com/get-greenline/image/upload/v1705505337/dtv4bfpojoownexcrgck.jpg,$33.50 ,0.5,2,7
6f2b70f5-1890-4f07-84a8-62a40136040c,Black Mamba 1g Prefilled Vape Cartridge,VAPES,Ritual Gold,https://res.cloudinary.com/get-greenline/image/upload/v1680787813/aguv4o0udxqk6xierner.jpg,$28.50 ,1,4,6
46889984-e107-4665-bfb2-89987e0775e0,Blue Mystic Haze 0.5 g Vape Kit Feather,VAPES,Feather,,$29.75 ,0.5,2,13
a75edc7a-af0b-4d95-952b-71fcb8e54f08,Blueberry Kush Jonny Chronic  0.5g Rechargable Disposable Vape Pen,VAPES,Jonny Chronic,,$29.75 ,0.5,2,1
077844b8-a545-4c6d-bae5-c8e9e3d3ab05,Blueberry Pancakes 1.0 Prefilled Vape Cartridge,VAPES,FIGR,https://res.cloudinary.com/get-greenline/image/upload/v1680787772/rsh5ndldnf9tyjeknifs.jpg,$34.50 ,1,4,5
66bd7e80-469e-4cc6-995d-e896bcd230e6,Blueberry Vanilla 0.3 g Disposable Vape Pen,VAPES,Potluck,,$22.50 ,0.3,1.2,12
46be4cda-de05-41d3-8765-3b9350216fc3,CBD Earth 1.0 g Disposable Vape Pen,VAPES,Purefarma,https://res.cloudinary.com/get-greenline/image/upload/v1686851006/eicbetsri7sap2ttnn66.jpg,$27.29 ,1,4,1
3ca4c93c-a831-4c43-ad07-c28d75bb6143,Cotton Dandy Kush 1.2g Prefilled Vape Cartridge,VAPES,Spinach,https://res.cloudinary.com/get-greenline/image/upload/v1696962973/prl2dsmpnxnhol5rcmqk.jpg,$35.25 ,1.2,4.8,12
5db8462c-387a-4439-bf80-b31e3c9f2feb,Delightful Sunshine 0.95g Prefilled Vape Cartridge,VAPES,Jucie & Co.,,$36.75 ,0.95,3.8,12
ebb43b71-f88f-462b-b1db-a1830f5b3fbe,Feather Melon Bubble Haze 1.0 g Disposable Vape Pen,VAPES,Feather,https://res.cloudinary.com/get-greenline/image/upload/v1686850984/pcvhynpmojeeu5isilmm.jpg,$37.99 ,1,4,10
f750560f-9711-484f-8ae1-b640e7fece4a,Juice Jar 0.5 g Prefilled Vape Cartridge,VAPES,ness,,$20.65 ,0.5,2,12
6799e727-b6d4-402d-a417-fadcb4217350,Jungle Fruit 1.0 g Prefilled Vape Cartridge,VAPES,XPLOR,https://res.cloudinary.com/get-greenline/image/upload/v1674486915/practhh76gd4bvcbyqkd.jpg,$26.50 ,1,4,6
4852913e-b591-41f0-be79-a1a01da1da78,Kool Grape 0.95g Prefilled Vape Cartridge,VAPES,Jucie & Co.,,$36.75 ,0.95,3.8,12
0787eb8e-bbdc-41b2-8f33-36f62ad5ca26,Mandarin C x Tangie 1.0 g Prefilled Vape Cartridge,VAPES,endgame,https://res.cloudinary.com/get-greenline/image/upload/v1670959345/yro7xnk1brqctb1ltcee.jpg,$33.00 ,1,4,1
db6db109-3887-48a0-877f-861be55a2816,Mango Haze Balanced 1.0 g Prefilled Vape Cartridge,VAPES,Foray,https://res.cloudinary.com/get-greenline/image/upload/v1634840237/c4jjn3d3uixe7ce3wqli.jpg,$38.00 ,1,4,4
fade711f-5faa-474b-ab5d-8894f7c060cb,Mango Haze Balanced Vape Pen,VAPES,Foray,,$17.75 ,,1.2,9
70e1d319-a8d1-4fe9-bc0d-69e568a85e94,Peach Punch 1.2 g Prefilled Vape Cartridge,VAPES,Spinach,https://res.cloudinary.com/get-greenline/image/upload/v1686850991/qdprixrf9h02g1zbp12x.jpg,$35.25 ,1.2,4.8,12
843825d1-917c-4f72-9315-d900ca8cc00b,Rainbow Burst 1.2 g Prefilled Vape Cartridge,VAPES,BOXHOT,https://res.cloudinary.com/get-greenline/image/upload/v1695154807/r6rii6yb3jwwhchl67ez.jpg,$44.00 ,1.2,4.8,1
f4ffc3bc-7f6b-47d1-b51a-2eb22eea6f3f,Rocket Icicle 1.2g Prefilled Vape Cartridge,VAPES,Spinach,https://res.cloudinary.com/get-greenline/image/upload/v1696962973/exca0uqjvlffoqdnqwnn.jpg,$35.25 ,1.2,4.8,12
97001811-4927-4021-bab6-68df02c37a99,Slurricane Live Terpene 0.3 g Disposable Vape Pen,VAPES,Kolab Project,https://res.cloudinary.com/get-greenline/image/upload/v1657039962/pdtdhdts8dmhfnaijxub.jpg,$19.25 ,0.3,1.2,8
f98d4357-36f0-452a-ba03-fa18da360db0,Sour Grape Star & Apple MAC Dual Chamber 2 x 0.6g Disposable Vape,VAPES,SEV7N,https://res.cloudinary.com/get-greenline/image/upload/v1657040039/hyv1byvwvewvzl9ljo8g.jpg,$44.00 ,1.2,4.8,3
59ccaf6a-6d1b-4261-a8c6-fadda0877bf3,Strawberry Orange Smoothie 1.0 g Prefilled Vape Cartridge,VAPES,ness,https://res.cloudinary.com/get-greenline/image/upload/v1680787780/naekyfm4lskcfqgdwume.jpg,$36.25 ,1,4,3
6c3d9f2e-b7e5-44fc-87df-7d4a177d4ece,Tiger Berry 1g Prefilled Vape Cartridge,VAPES,Lamplighter,,$34.50 ,1,4,6
ddbe9f84-dd6e-4fdc-9ee7-fe13c443e071,Tutti Frutti 1g Prefilled Vape Cartridge,VAPES,Lamplighter,,$34.50 ,1,4,2
0f1c9181-fc6f-450d-8119-548defed6fe3,Twisted Tangie 0.5 g Vape Kit,VAPES,Feather,,$29.00 ,0.5,2,5
4174bcf9-378c-4fde-b03e-63fe90cb61be,Unicorn Poop 1.0 g Prefilled Vape Cartridge,VAPES,Jonny Chronic,,$32.75 ,1,4,12
1ef6ba25-dfd4-4dd7-b955-596687db0f36,Watermelon Mojo 1.0 g Prefilled Vape Cartridge,VAPES,Fuego,https://res.cloudinary.com/get-greenline/image/upload/v1680787762/qkh8tloexoc40brablvl.jpg,$27.75 ,1,4,5
52c1e4d2-a7cd-4cdb-9680-0ea7d746e6d1,Watermelon Razzler Rizz Kit 0.95g Vape Pod Kit,VAPES,RIZZLERS,,$28.50 ,0.95,3.8,12
88cef962-c66f-4b7b-8b1e-d7134b6bb505,Yuzu Weed Me Max 1.0 g Prefilled Vape Cartridge,VAPES,Weed Me Max,https://res.cloudinary.com/get-greenline/image/upload/v1689791629/uoyt6dymyrxdgx9jn236.jpg,$34.50 ,1,4,5
